<?xml version="1.0" encoding="UTF-8" standalone="yes"?>
<addon id="repository.bioidaika" name="BioiDaika Repository" version="0.0.1" provider-name="BioiDaika">
    <extension point="xbmc.addon.repository">
        <dir>
            <info compressed="false">https://raw.githubusercontent.com/bioidaika/bioidaika.github.io/main/addons.xml</info>
            <checksum>https://raw.githubusercontent.com/bioidaika/bioidaika.github.io/main/addons.xml.md5</checksum>
            <datadir zip="true">https://raw.githubusercontent.com/bioidaika/bioidaika.github.io/main</datadir>
        </dir>
    </extension>
    <extension point="xbmc.addon.metadata">
        <summary>BioiDaika Repository</summary>
        <description>Repository containing KODI add-ons</description>
        <platform>all</platform>
        <assets>
            <icon>icon.png</icon>
            <fanart>icon.jpg</fanart>
        </assets>
    </extension>
</addon> 