<?xml version="1.0" encoding="UTF-8" standalone="yes"?>
<addon id="repository.vietmediaf" name="VietMediaF Repository" version="0.0.1" provider-name="VietMediaF">
    <extension point="xbmc.addon.repository" name="VietMediaF Repository">
        <dir>
            <info compressed="false">https://bioidaika.github.io/addons.xml</info>
            <checksum>https://bioidaika.github.io/addons.xml.md5</checksum>
            <datadir zip="true">https://bioidaika.github.io/</datadir>
        </dir>
    </extension>
    <extension point="xbmc.addon.metadata">
        <summary>VietMediaF Repository</summary>
        <description>Repository containing KODI add-ons</description>
        <platform>all</platform>
    </extension>
</addon> 